{
  "block.gravel.place": {
    "replace": true,
    "sounds": [
      "dig/snow1",
      "dig/snow2",
      "dig/snow3",
      "dig/snow4"
    ],
    "subtitle": "subtitles.block.generic.place"
  },
  "block.gravel.break": {
    "replace": true,
    "sounds": [
      "dig/snow1",
      "dig/snow2",
      "dig/snow3",
      "dig/snow4"
    ],
    "subtitle": "subtitles.block.generic.break"
  },
  "block.gravel.hit": {
    "replace": true,
    "sounds": [
      "dig/snow1",
      "dig/snow2",
      "dig/snow3",
      "dig/snow4"
    ],
    "subtitle": "subtitles.block.generic.hit"
  },
  "block.gravel.step": {
    "replace": true,
    "sounds": [
      "step/snow1",
      "step/snow2",
      "step/snow3",
      "step/snow4"
    ],
    "subtitle": "subtitles.block.generic.step"
  },
  "iceball": {
    "sounds": [
      "custom/iceball"
    ]
  },
  "bottlehit": {
    "sounds": [
      "custom/bottlehit"
    ]
  },
  "blizz1": {
    "sounds": [
      "custom/blizz1"
    ]
  },
  "blizz2": {
    "sounds": [
      "custom/blizz2"
    ]
  },
  "blizz3": {
    "sounds": [
      "custom/blizz3"
    ]
  },
  "blizz4": {
    "sounds": [
      "custom/blizz4"
    ]
  },
  "blizz5": {
    "sounds": [
      "custom/blizz5"
    ]
  },
  "blizz6": {
    "sounds": [
      "custom/blizz6"
    ]
  },
  "blizz7": {
    "sounds": [
      "custom/blizz7"
    ]
  },
  "blizz8": {
    "sounds": [
      "custom/blizz8"
    ]
  },
  "blizz9": {
    "sounds": [
      "custom/blizz9"
    ]
  },
  "blizz10": {
    "sounds": [
      "custom/blizz10"
    ]
  },
  "blizz11": {
    "sounds": [
      "custom/blizz11"
    ]
  }
}