{
   "providers": [
      {
         "type": "bitmap",
         "file": "minecraft:custom_gui/nav_arrow_1.png",
         "ascent": 32,
         "height": 40,
         "chars": ["\uE001"],
         "shift": [0.0, 100.0]
      },
      {
         "type": "bitmap",
         "file": "minecraft:custom_gui/nav_arrow_2.png",
         "ascent": 32,
         "height": 40,
         "chars": ["\uE002"],
         "shift": [0.0, 100.0]
      },
      {
         "type": "bitmap",
         "file": "minecraft:custom_gui/nav_arrow_3.png",
         "ascent": 32,
         "height": 40,
         "chars": ["\uE003"],
         "shift": [0.0, 100.0]
      },
      {
         "type": "bitmap",
         "file": "minecraft:custom_gui/nav_arrow_4.png",
         "ascent": 32,
         "height": 40,
         "chars": ["\uE004"],
         "shift": [0.0, 100.0]
      },
      {
         "type": "bitmap",
         "file": "minecraft:custom_gui/nav_arrow_5.png",
         "ascent": 32,
         "height": 40,
         "chars": ["\uE005"],
         "shift": [0.0, 100.0]
      },
      {
         "type": "bitmap",
         "file": "minecraft:custom_gui/nav_arrow_6.png",
         "ascent": 32,
         "height": 40,
         "chars": ["\uE006"],
         "shift": [0.0, 100.0]
      },
      {
         "type": "bitmap",
         "file": "minecraft:custom_gui/nav_arrow_7.png",
         "ascent": 32,
         "height": 40,
         "chars": ["\uE007"],
         "shift": [0.0, 100.0]
      },
      {
         "type": "bitmap",
         "file": "minecraft:custom_gui/nav_arrow_8.png",
         "ascent": 32,
         "height": 40,
         "chars": ["\uE008"],
         "shift": [0.0, 100.0]
      },
      {
         "type": "bitmap",
         "file": "minecraft:custom_gui/nav_arrow_unknown.png",
         "ascent": 32,
         "height": 40,
         "chars": ["\uE009"],
         "shift": [0.0, 100.0]
      },
      {
         "type": "bitmap",
         "file": "minecraft:custom_gui/music_logo_1.png",
         "ascent": 50,
         "height": 50,
         "chars": ["\uE010"],
         "shift": [0.0, 100.0]
      },
      {
         "type": "bitmap",
         "file": "minecraft:custom_gui/music_logo_2.png",
         "ascent": 50,
         "height": 50,
         "chars": ["\uE011"],
         "shift": [0.0, 100.0]
      },
      {
         "type": "bitmap",
         "file": "minecraft:custom_gui/creative_commons.png",
         "ascent": 10,
         "height": 10,
         "chars": ["\uE099"],
         "shift": [0.0, 100.0]
      },
	        {
         "type": "bitmap",
         "file": "minecraft:custom_gui/game_logo.png",
         "ascent": 10,
         "height": 10,
         "chars": ["\uE012"],
         "shift": [0.0, 100.0]
      }
	]
}
