{
     "sprint_racer_ost/catalyst": {
          "sounds": [
               {
               "name": "soundtrack_argo/catalyst",
               "attenuation_distance": 99999999,
               "volume": 0.5,
               "stream": "true"
               }
            ]
    },
	"sprint_racer_ost/candycolouredsky": {
          "sounds": [
               {
               "name": "soundtrack_argo/candycolouredsky",
               "attenuation_distance": 99999999,
               "volume": 0.6,
               "stream": "true"
               }
            ]
    },
	"sprint_racer_ost/dreams": {
          "sounds": [
               {
               "name": "soundtrack_argo/dreams",
               "attenuation_distance": 99999999,
               "volume": 0.6,
               "stream": "true"
               }
            ]
    },
	"sprint_racer_ost/starrynight": {
          "sounds": [
               {
               "name": "soundtrack_argo/starrynight",
               "attenuation_distance": 99999999,
               "volume": 0.6,
               "stream": "true"
               }
            ]
    },
	"sprint_racer_ost/isolatedmind": {
          "sounds": [
               {
               "name": "soundtrack_argo/isolatedmind",
               "attenuation_distance": 99999999,
               "volume": 0.6,
               "stream": "true"
               }
            ]
    },
	"sprint_racer_ost/cease": {
          "sounds": [
               {
               "name": "soundtrack_argo/cease",
               "attenuation_distance": 99999999,
               "volume": 0.6,
               "stream": "true"
               }
            ]
    },
	"sprint_racer_ost/adventures": {
          "sounds": [
               {
               "name": "soundtrack_argo/adventures",
               "attenuation_distance": 99999999,
               "volume": 0.6,
               "stream": "true"
               }
            ]
    },
	"sprint_racer_ost/prism": {
          "sounds": [
               {
               "name": "soundtrack_argo/prism",
               "attenuation_distance": 99999999,
               "volume": 0.6,
               "stream": "true"
               }
            ]
    },
	"sprint_racer_ost/bubbly": {
          "sounds": [
               {
               "name": "soundtrack_argo/bubbly",
               "attenuation_distance": 99999999,
               "volume": 0.6,
               "stream": "true"
               }
            ]
    },
	"sprint_racer_ost/activegroove": {
          "sounds": [
               {
               "name": "soundtrack_io/activegroove",
               "attenuation_distance": 99999999,
               "volume": 0.6,
               "stream": "true"
               }
            ]
    },
	"sprint_racer_ost/discodance": {
          "sounds": [
               {
               "name": "soundtrack_argo/bubbly",
               "attenuation_distance": 99999999,
               "volume": 0.6,
               "stream": "true"
               }
            ]
    },
	"sprint_racer_ost/skylight": {
          "sounds": [
               {
               "name": "soundtrack_io/skylight",
               "attenuation_distance": 99999999,
               "volume": 0.6,
               "stream": "true"
               }
            ]
    },
	"sprint_racer_ost/animalistic": {
          "sounds": [
               {
               "name": "soundtrack_io/animalistic",
               "attenuation_distance": 99999999,
               "volume": 0.6,
               "stream": "true"
               }
            ]
    },
	"sprint_racer_ost/screechingfriction": {
          "sounds": [
               {
               "name": "soundtrack_io/screechingfriction",
               "attenuation_distance": 99999999,
               "volume": 0.6,
               "stream": "true"
               }
            ]
    },
	"sprint_racer_ost/helpless": {
          "sounds": [
               {
               "name": "soundtrack_io/helpless",
               "attenuation_distance": 99999999,
               "volume": 0.6,
               "stream": "true"
               }
            ]
    },
	"sprint_racer_ost/anxiety": {
          "sounds": [
               {
               "name": "soundtrack_io/anxiety",
               "attenuation_distance": 99999999,
               "volume": 0.6,
               "stream": "true"
               }
            ]
    },
	"sprint_racer_ost/powercore": {
          "sounds": [
               {
               "name": "soundtrack_io/powercore",
               "attenuation_distance": 99999999,
               "volume": 0.6,
               "stream": "true"
               }
            ]
    },
	"sprint_racer_ost/forgotten": {
          "sounds": [
               {
               "name": "soundtrack_io/forgotten",
               "attenuation_distance": 99999999,
               "volume": 0.6,
               "stream": "true"
               }
            ]
    },
	"sprint_racer_ost/custom1": {
          "sounds": [
               {
               "name": "soundtrack_custom/custom1",
               "attenuation_distance": 99999999,
               "volume": 0.5,
               "stream": "true"
               }
            ]
    },
	"sprint_racer_ost/custom2": {
          "sounds": [
               {
               "name": "soundtrack_custom/custom2",
               "attenuation_distance": 99999999,
               "volume": 0.5,
               "stream": "true"
               }
            ]
    },
	"sprint_racer_ost/custom3": {
          "sounds": [
               {
               "name": "soundtrack_custom/custom3",
               "attenuation_distance": 99999999,
               "volume": 0.5,
               "stream": "true"
               }
            ]
    },
	"sprint_racer_ost/custom4": {
          "sounds": [
               {
               "name": "soundtrack_custom/custom4",
               "attenuation_distance": 99999999,
               "volume": 0.5,
               "stream": "true"
               }
            ]
    },
	"sprint_racer_ost/custom5": {
          "sounds": [
               {
               "name": "soundtrack_custom/custom5",
               "attenuation_distance": 99999999,
               "volume": 0.5,
               "stream": "true"
               }
            ]
    },
	"sprint_racer_ost/custom6": {
          "sounds": [
               {
               "name": "soundtrack_custom/custom6",
               "attenuation_distance": 99999999,
               "volume": 0.5,
               "stream": "true"
               }
            ]
    },
	"sprint_racer_ost/custom7": {
          "sounds": [
               {
               "name": "soundtrack_custom/custom7",
               "attenuation_distance": 99999999,
               "volume": 0.5,
               "stream": "true"
               }
            ]
    },
	"sprint_racer_ost/custom8": {
          "sounds": [
               {
               "name": "soundtrack_custom/custom8",
               "attenuation_distance": 99999999,
               "volume": 0.5,
               "stream": "true"
               }
            ]
    },
	"sprint_racer_ost/custom9": {
          "sounds": [
               {
               "name": "soundtrack_custom/custom9",
               "attenuation_distance": 99999999,
               "volume": 0.5,
               "stream": "true"
               }
            ]
    },
	"custom_sfx/crowd1": {
          "sounds": [
               {
               "name": "custom_sfx/crowd1",
               "stream": "false"
               }
            ]
    },
	"custom_sfx/crowd2": {
          "sounds": [
               {
               "name": "custom_sfx/crowd2",
               "stream": "false"
               }
            ]
    },
	"custom_sfx/crowd3": {
          "sounds": [
               {
               "name": "custom_sfx/crowd3",
               "stream": "false"
               }
            ]
    },
	"custom_sfx/crowd4": {
          "sounds": [
               {
               "name": "custom_sfx/crowd4",
               "stream": "false"
               }
            ]
    },
	"custom_sfx/crowd5": {
          "sounds": [
               {
               "name": "custom_sfx/crowd5",
               "stream": "false"
               }
            ]
    }
}