{
	"credit": "Made with Blockbench",
	"ambientocclusion": false,
	"textures": {
		"0": "block/campfire_fire",
		"1": "block/campfire_log",
		"particle": "block/campfire_fire"
	},
	"elements": [
		{
			"from": [0, 0, 6],
			"to": [2, 2.1, 16],
			"rotation": {"angle": 45, "axis": "y", "origin": [0, 0, 0]},
			"faces": {
				"north": {"uv": [0, 4, 4, 8], "texture": "#1"},
				"east": {"uv": [0, 0, 16, 4], "texture": "#1"},
				"south": {"uv": [0, 4, 4, 8], "texture": "#1"},
				"west": {"uv": [0, 0, 16, 4], "texture": "#1"},
				"up": {"uv": [0, 0, 16, 4], "rotation": 90, "texture": "#1"},
				"down": {"uv": [0, 0, 16, 4], "rotation": 90, "texture": "#1"}
			}
		},
		{
			"from": [10, 0, -6],
			"to": [12, 2, 4],
			"rotation": {"angle": -45, "axis": "y", "origin": [0, 0, 0]},
			"faces": {
				"north": {"uv": [0, 4, 4, 8], "texture": "#1"},
				"east": {"uv": [0, 0, 16, 4], "texture": "#1"},
				"south": {"uv": [0, 4, 4, 8], "texture": "#1"},
				"west": {"uv": [0, 0, 16, 4], "texture": "#1"},
				"up": {"uv": [0, 0, 16, 4], "rotation": 90, "texture": "#1"},
				"down": {"uv": [0, 0, 16, 4], "rotation": 90, "texture": "#1"}
			}
		},
		{
			"from": [0.5, 2, 8],
			"to": [1.5, 8, 14],
			"rotation": {"angle": 45, "axis": "y", "origin": [0, 0, 0]},
			"faces": {
				"east": {"uv": [0, 0, 16, 16], "texture": "#0"},
				"west": {"uv": [0, 0, 16, 16], "texture": "#0"},
				"down": {"uv": [0, 0, 1, 6], "texture": "#0"}
			}
		},
		{
			"from": [10.5, 2, -4],
			"to": [11.5, 8, 2],
			"rotation": {"angle": -45, "axis": "y", "origin": [0, 0, 0]},
			"faces": {
				"east": {"uv": [0, 0, 16, 16], "texture": "#0"},
				"west": {"uv": [0, 0, 16, 16], "texture": "#0"},
				"down": {"uv": [0, 0, 1, 6], "texture": "#0"}
			}
		},
		{
			"from": [4, -0.1, 3],
			"to": [13, 0.2, 11],
			"faces": {
				"north": {"uv": [0, 11, 9, 11.2], "texture": "#1"},
				"east": {"uv": [0, 12, 8, 12.2], "texture": "#1"},
				"south": {"uv": [0, 10, 9, 10.2], "texture": "#1"},
				"west": {"uv": [0, 10, 8, 10.2], "texture": "#1"},
				"up": {"uv": [0, 8, 9, 16], "texture": "#1"},
				"down": {"uv": [0, 8, 9, 16], "texture": "#1"}
			}
		}
	],
	"display": {
		"thirdperson_righthand": {
			"translation": [-0.75, 6.75, 3],
			"scale": [0.81, 0.81, 0.81]
		},
		"thirdperson_lefthand": {
			"translation": [0, 6.75, 2.5],
			"scale": [0.81, 0.81, 0.81]
		},
		"firstperson_righthand": {
			"translation": [2, 6, 0],
			"scale": [0.93, 0.93, 0.93]
		},
		"firstperson_lefthand": {
			"translation": [0, 6.75, 0.25],
			"scale": [0.93, 0.93, 0.93]
		},
		"gui": {
			"rotation": [3, 23, 26],
			"translation": [-3.5, 5.5, 0],
			"scale": [1.3, 1.3, 1.28]
		},
		"head": {
			"translation": [-0.75, -32.5, 1.25],
			"scale": [1.3, 1.3, 1.3]
		}
	}
}